{
	"name": "EmbedVideo",
	"version": "2.8.0",
	"author": [
		"Jim R. Wilson",
		"Andrew Whitworth",
		"Alexia E. Smith",
		"Cameron M. Chunn"
	],
	"url": "https://www.mediawiki.org/wiki/Extension:EmbedVideo",
	"descriptionmsg": "embedvideo_description",
	"license-name": "MIT",
	"type": "parserhook",
	"requires": {
		"MediaWiki": ">= 1.29.0"
	},
	"callback": "EmbedVideoHooks::onExtension",
	"MessagesDirs": {
		"EmbedVideo": [
			"i18n"
		]
	},
	"ExtensionMessagesFiles": {
		"EmbedVideoMagic": "EmbedVideo.i18n.magic.php"
	},
	"AutoloadClasses": {
		"EmbedVideoHooks": "EmbedVideo.hooks.php",
		"ApiEmbedVideo": "classes/ApiEmbedVideo.php",
		"EmbedVideo\\OEmbed": "classes/OEmbed.php",
		"EmbedVideo\\VideoService": "classes/VideoService.php",
		"EmbedVideo\\FFProbe": "classes/media/FFProbe.php",
		"EmbedVideo\\AudioHandler": "classes/media/AudioHandler.php",
		"EmbedVideo\\AudioTransformOutput": "classes/media/AudioTransformOutput.php",
		"EmbedVideo\\VideoHandler": "classes/media/VideoHandler.php",
		"EmbedVideo\\VideoTransformOutput": "classes/media/VideoTransformOutput.php"
	},
	"APIModules": {
		"embedvideo": "ApiEmbedVideo"
	},
	"ResourceModules": {
		"ext.embedVideo": {
			"scripts": [
				"js/autoResize.js"
			],
			"position": "top",
			"targets": [
				"desktop",
				"mobile"
			]
		},
		"ext.embedVideo-evl": {
			"scripts": [
				"js/evlPlayer.js"
			],
			"position": "top",
			"targets": [
				"desktop",
				"mobile"
			],
			"dependencies": [
				"mediawiki.api"
			]
		},
		"ext.embedVideo.styles": {
			"styles": [
				"css/embedvideo.css"
			],
			"targets": [
				"desktop",
				"mobile"
			]
		}
	},
	"ResourceFileModulePaths": {
		"localBasePath": "",
		"remoteExtPath": "EmbedVideo"
	},
	"config": {
		"EmbedVideoAddFileExtensions": true,
		"EmbedVideoEnableVideoHandler": true,
		"EmbedVideoEnableAudioHandler": true,
		"FFprobeLocation": "/usr/bin/ffprobe"
	},
	"Hooks": {
		"ParserFirstCallInit": [
			"EmbedVideoHooks::onParserFirstCallInit"
		]
	},
	"manifest_version": 1
}
